"Phil","Brooks","F1gHT!","1231","930-293-2930","cmpunk@gmail.com","Bonnie","Bunny","1","4/6/1996","27","24 Pearl St. Macon, GA 31204 949-493-3829","Flu, Covid","Ear Infection, Stomach Virus","1/21/2023","Physical","5/12/2023","Gall Bladder Removal","Dr. Thunder","1"
"John","Cena","r3SpEcT!","1251","933-293-4210","hlrcena@gmail.com","Benjamin","Parker","2","4/7/1997","26","496 South Shadow Brook Rd. Capitol Heights, MD 20743 984-498-4929","Covid","Stomach Virus","1/21/2021","Well Visit",,,"Dr. Korg","2"
"Tony","Stark","1RoNm4n!","1942","930-231-3134","tonystark@gmail.com","May","Parker","3","5/7/1997","26","9519 Maple Court Chester, PA 19013 421-458-4929","Flu","Ear Infection","1/21/2022","Ill Visit",,,"Dr. Doom","3"
"Freddy","Fazbear","f4Zg4nG&","1987","423-312-2445","thefazbear@gmail.com","Peter","Parker","4","4/5/1996","27","2119 South Homan Ave. Chicago, IL 60623 849-294-2940","Pneumonia","Acid Reflux","1/21/2021","Well Visit","1/21/2022","Endoscopy","Dr. Korg","2"
"Steve","Rogers","o1dASF!","1991","402-293-2030","shielder@gmail.com","Harry","Osborn","5","4/5/2003","20","94 Icy St, Wayne NJ 07103 849-519-2940","Flu","Acid Reflux","1/21/2019","Physical","1/21/2020","Endoscopy","Dr. Thunder","1"
"Ginny","Bald","Go3rg!","2412","249-283-2940","baldeagle@gmail.com","Norman","Osborn","6","1/6/1982","41","Word St, Newark NJ 07103 841-294-2410","Flu","Acid Reflux, Ear Infection","3/4/2019","Ill Visit",,,"Dr. Doom","3"
"William","Afton","k1LL3R7*(","2940","930-440-4512","springtrap@gmail.com","Jack","Spedicey","7","1/4/1982","41","Peater Ave, Orange NJ 04192 841-291-1923","Covid","Stomach Virus, Ear Infection","3/15/2022","Well Visit",,,"Dr. Korg","2"
"Thor","Odinson","thund3R&","4040","840-232-3211","godofthunder@gmail.com","Felix","Kjellberg","8","1/9/1982","41","Bleeker St, Newark NJ 07103 829-381-2849","Flu","Cancer","4/29/2021","Ill Visit",,,"Dr. Korg","2"
"Joshua","Jameson","plAyWr1gh!","4123","230-293-2930","jbj@gmail.com","Mark","Iplier","9","1/29/1982","41","Swodfish St, Newark NJ 07103 840-294-1920","Tetanus","Acid Reflux, Ear Infection","5/4/2022","Physical",,,"Dr. Thunder","1"
"Hela","Odinson","Qoeo2@!D","4204","419-294-2941","heirhela@gmail.com","Cory","Kenshin","10","5/18/1982","41","Weewoo St, Newark NJ 07103 492-487-1829","Flu, Tetanus","Acid Reflux","3/4/2017","Ill Visit","3/12/2018","Gall Bladder Removal","Dr. Doom","3"
"Georgie","Cooper","t1res4l1f3!","4317","519-428-4920","tiredoctor@gmail.com","Cody","Rhodes","11","4/2/2004","19","942 Elizabeth Street Port Saint Lucie, FL 34952 418-289-2930","Tetanus","Acid Reflux","3/4/2022","Well Visit",,,"Dr. Korg","2"
"Jay","White","B!gBo#oy","4401","930-424-4612","bangbang@gmail.com","Dustin","Rhodes","12","4/7/2004","19","942 Lordy Street Port Saint Lucie, FL 34952 414-121-2930","Tetanus","Stomach Virus","2/14/2022","Physical",,,"Dr. Thunder","1"
"Rebeccar","Jameson","E34ke@D!","4431","932-520-4212","rbj@gmail.com","Antony","Starr","13","4/7/2004","19","942 Iron Street Port Saint Lucie, FL 34952 419-294-2849","Flu, Tetanus","Stomach Virus","3/14/2022","Ill Visit",,,"Dr. Doom","3"
"Sheldon","Cooper","L30NaRd&","4516","983-284-2930","drsheldoncooper@gmail.com","Adam","Cole","14","6/2/2004","19","49 Secret Street Port Saint Lucie, FL 34952 418-294-2904","Flu, Covid","Ear Infection","6/4/2022","Ill Visit",,,"Dr. Doom","3"
"J. Jonah","Jameson","newsW0RTH?","4621","492-481-4820","triplej@gmail.com","Robin","Grayson","15","7/2/2004","19","1 First Port Saint Lucie, FL 34952 419-298-2941","Flu, Covid","Stomach Virus","4/20/2022","Well Visit",,,"Dr. Korg","2"
"Paul","Levesque","tH3G4M3$","4777","930-392-3849","tripleh@gmail.com","Dick","Gravestone","16","1/17/1999","24","54 Swanson Street Daphne, AL 36526 492-491-2940","Covid","Stomach Virus","3/4/2019","Ill Visit","12/2/2020","Endoscopy","Dr. Doom","3"
"Benjamin","Jameson","Ho0Rh0eR%","4781","930-440-4212","bbj@gmail.com","Jake","Paul","17","1/19/1999","24","1 Second Street Daphne, AL 36526 294-192-4981","Covid, Flu","Stomach Virus","3/25/2020","Ill Visit",,,"Dr. Doom","3"
"Paul","White","B!gBo#oy","5920","492-482-4820","bigshow@gmail.com","Olajide","Olatunji","18","1/17/1999","24","51 Ferst Street Daphne, AL 36526 401-294-1920","Flu","Stomach Virus, Ear Infection","3/2/2022","Physical",,,"Dr. Thunder","1"
"Loki","Odinson","susSYmob1s$@","9402","930-422-1920","mischief@gmail.com","Mario","Pizza","19","2/4/1999","24","60 Bally Street Daphne, AL 36526 492-491-2940","Flu","Ear Infection","3/2/2023","Well Visit",,,"Dr. Korg","2"
"Maxwell","Friedman","b3tter!","9999","666-666-6666","mjf@gmail.com","Bobby","Lee","20","1/17/1999","24","44 Chirish Street Daphne, AL 36526 293-381-2940","Tetanus","Stomach Virus","6/2/2022","Physical",,,"Dr. Thunder","1"
